{
    "ar.L1": -1.0420652522829177,
    "ar.L2": -1.0109829927327991,
    "ar.L3": -0.9933859218084652,
    "ar.L4": -0.962206992892696,
    "ar.L5": -0.9358333327918328,
    "ar.L6": -0.9463962952320887,
    "ar.L7": -0.9194163156956684,
    "ar.L8": -0.9390574091077625,
    "ar.L9": -0.821539173305134,
    "ar.L10": -0.7639645654231312,
    "ar.L11": -0.7502433677887279,
    "ar.L12": -0.7562109148080626,
    "ar.L13": -0.6338170149180415,
    "ar.L14": -0.5986744531454897,
    "ar.L15": -0.5927032156586802,
    "ar.L16": -0.5866044243699907,
    "ar.L17": -0.5278087273857855,
    "ar.L18": -0.5304119589067532,
    "ar.L19": -0.5292200463890213,
    "ar.L20": -0.5289132888171232,
    "ar.L21": -0.4953675515153265,
    "ar.L22": -0.4896939371460987,
    "ar.L23": -0.4716660578585562,
    "ar.L24": -0.3590413147402479,
    "ar.L25": -0.29083347354033484,
    "ar.L26": -0.26211668769479113,
    "ar.L27": -0.20767971815804803,
    "ar.L28": -0.15818925926989225,
    "ar.L29": -0.13658272945133684,
    "ar.L30": -0.08830139224365446,
    "sigma2": 2308202.7173571256,
    "mean_diff_oc": 2.6639083386378104,
    "p": 30
}