{
    "ar.L1": -1.0376843777667308,
    "ar.L2": -0.9941642271002764,
    "ar.L3": -0.9404677330863358,
    "ar.L4": -0.9104044994956377,
    "ar.L5": -0.9243821049512847,
    "ar.L6": -0.8339693766007855,
    "ar.L7": -0.82244976681689,
    "ar.L8": -0.8306177752797792,
    "ar.L9": -0.7782333620556847,
    "ar.L10": -0.7418996863185393,
    "ar.L11": -0.7033102152834434,
    "ar.L12": -0.7159123810568563,
    "ar.L13": -0.641428795361727,
    "ar.L14": -0.6213013474907771,
    "ar.L15": -0.6187712778256901,
    "ar.L16": -0.6421006661934155,
    "ar.L17": -0.5721290252717902,
    "ar.L18": -0.5611199759168907,
    "ar.L19": -0.5566508091131831,
    "ar.L20": -0.541043562745757,
    "ar.L21": -0.4867652211941121,
    "ar.L22": -0.4477449709637454,
    "ar.L23": -0.4190492314372709,
    "ar.L24": -0.38875935730250966,
    "ar.L25": -0.3277462085205057,
    "ar.L26": -0.3027388711664418,
    "ar.L27": -0.23471585847631285,
    "ar.L28": -0.15144327162508564,
    "ar.L29": -0.1278669057103184,
    "ar.L30": -0.062470272425495674,
    "sigma2": 10926.932916750235,
    "mean_diff_oc": 0.04846594525779765,
    "p": 30
}